method,extreme_events,pos_extreme_events,neg_extreme_events,directional_accuracy,avg_future_return_4h,avg_future_return_4h_pos_extreme,avg_future_return_4h_neg_extreme,best_regime,best_regime_accuracy
zscore,2440,2184,256,0.5098360655737705,-8.352795918756235e-05,-0.0007670592390419075,0.005747848272069819,bull_low_vol,0.5421052631578948
rolling_zscore,5768,2565,3203,0.505374479889043,0.00023981002992466506,-0.00020512179839096668,0.0005961166610921938,bear_high_vol,0.5212694125590817
quantile,11592,5792,5800,0.4994824016563147,0.0004844723652086139,-0.00024211282680786341,0.0012100553707533443,bull_high_vol,0.5089430894308943
